personname,personcode
王文林,20503328
赵春园,20503365
周岳军,20503351
王良凤,20503368
王金辉,20503374
沈表,20503383
王玉文,20503387
陈宝根,20472268
王清,20704989
王宁,20728602
陈肖君,20728600
李钊,20728605
陈平,20728604
夏朝阳,20728603
方福前,20145729
陈波涌,20707350
康如喜,20707352
高香林,20070968
周润书,20320279
孟繁龙,20707353
孟少锋,20707354
傅天年,20707355
洪伟,20367452
顾萍,20367427
王蓓,20584188
徐英,20367448
徐瑞鹏,20367425
周水霞,20735771
石尚洁,20470535
王晓莹,20703012
王建敏,20703010
曹柏根,20702996
方中青,20703017
蒋灿明,20017889
张磊,20054378
陈英革,20523958
赵宏伟,20523955
于冰,20176389
董礼,20004514
张发文,20004512
郭元先,20004516
李东明,20004517
梅月欣,20004522
马兴文,20004518
王方华,20004568
何万英,20031420
贺云,20029315
周复申,20009320
罗力,20031419
李富川,20004526
王苏生,20013227
桂强芳,20038548
廖耀雄,20038549
刘佳胜,20017890
李红光,20004565
陶伟平,20155259
房向东,20009466
丁古华,20155266
周俊祥,20053374
陈江涛,20155264
钟务盘,20155261
程汉涛,20123690
王九珍,20345317
徐士方,20345307
徐选国,20438898
俞云峰,20467069
徐伟民,20467058
肖卓玲,20282693
刘榕,20282692
刘武克,20282690
潘腾,20318890
张婷,20282694
杨兰英,20282687
刘素娟,20282695
吴飞,20282689
杨保奇,20282696
杨雪峰,20282685
利旭熙,20318889
戎一昊,20595420
王春和,20038608
温国明,20469264
张燕红,20469268
温丽蓉,20469267
徐国兴,20469304
温家倩,20469314
苏淑娜,20581392
王爱明,20035010
潘利群,20067174
王明,20039113
杨文侃,20022654
梁积江,20011777
阮庆革,20034189
潘文,20040275
杨昕,20181238
郭士友,20052177
裴艳,20398837
王德勇,20042124
孙茂竹,20021126
白涛,20509721
李岩,20509697
潘刚升,20011770
范永宁,20011775
宋常,20011776
辛伟民,20011773
巴峥嵘,20011772
胡瑞深,20011774
刘洪玉,20008106
刘晓薇,20011780
杨成森,20034187
任景全,20039114
李波,20040278
刘云波,20042123
李挺伟,20068057
上官清,20509698
陈刚,20702654
张国宏,20705012
王立川,20727191
杨庆来,20312384
杨栋江,20312397
韩亮,20312399
韩宝杰,20312403
尹占品,20312401
李居兴,20159541
李水荣,20159535
李永庆,20159536
李国庆,20159537
倪信才,20159538
刘小忠,20704915
刘云,20704918
卢鹏,20315416
邬逵清,20704919
夏泽民,20704920
夏继发,20704921
王宏霞,20423331
CHUI LAP LAM,20703590
梁金成,20423333
武海亮,20423332
张全红,20423334
鲍志超,20423338
竺琳,20703587
陈爱华,20743743
王忠,20703589
胡天高,20168950
厉宝平,20168951
黄桂苗,20168955
任立荣,20168952
包小平,20168954
李林,20019500
郑建国,20174561
张广生,20029219
陈小敏,20174565
朱继根,20155050
赵柏礼,20174564
黄克铨,20174566
谭晋生,20169307
薛维柱,20169305
黄贵荣,20169309
王鹏,20169310
吕榕山,20724596
吴静敏,20724595
林小敏,20724594
袁俊,20582131
陈亮辉,20724592
唐礼智,20527599
邵增明,20477976
王晓君,20477983
张存升,20477979
陈传勋,20477981
林忠群,20528078
罗阳勇,20528066
曾成华,20528083
吴亚梅,20528071
严明晴,20528073
陈学渊,20528082
尹莹莹,20528081
王付涛,20528075
廖中新,20233805
刘永辉,20063319
张浩云,20018950
李继富,20024339
杨帅,20166849
苏国建,20421536
高春山,20421533
吴溪,20058724
范飞,20058727
刘建斌,20058717
袁玉兰,20058719
黄祁,20058718
何绪文,20058722
杨学志,20055876
郝芳华,20058721
戴永久,20166851
石晶波,20058728
李群生,20421540
马骥驰,20421537
张卉,20578007
张亚兵,20582176
彭吉强,20406785
彭小琴,20406786
刘小明,20406783
何勇兵,20071593
汪玉,20071589
王伟,20071597
贾晓青,20071595
杨吉涛,20365018
丁家宏,20154791
刘玉斌,20071604
范成山,20279261
开晓胜,20071588
杨建东,20126281
雷秀娟,20011898
胡凌云,20071591
王仕民,20071599
程晓和,20071603
王金元,20071592
徐伟,20391532
何的明,20060775
王华强,20689582
樊满生,20689581
张友杰,20593950
伍敏,20689583
翁冉,20689592
王鑫华,20689593
方思魏,20689716
张宇欣,20188373
李杰,20175659
张耀新,20223114
倪开禄,20071908
张臻文,20223112
朱栋,20132049
吴健,20264901
周华英,20071917
崔乃荣,20321726
陆延青,20321738
田野,20321725
刘俊,20321733
舒桦,20207563
陈冬华,20702765
生育新,20321729
吴思军,20190173
龚明,20321713
张祥,20485922
寇炳恩,20474634
邰静,20507051
陈传明,20296576
罗鑫,20567484
常宏,20071909
兰佳,20046551
毛卫群,20071916
倪娜,20071911
顾晨冬,20071922
李健,20048121
裴建平,20071912
严佳伟,20126346
宋明,20596849
张锋,20653300
高健,20043038
刘晓光,20187768
池国华,20146773
韩学军,20038058
朱晓芸,20038057
曲云虹,20174150
王运良,20519392
叶华,20038063
孙宪忠,20038054
李成忠,20038055
王晓玫,20669518
张同岱,20708265
李青,20714232
李银伟,20744474
杨媛,20744475
许冬,20060216
罗颖俊,20070852
张莹莹,20070863
吕秀云,20329419
王民,20070851
钱业银,20070855
沈阳,20070856
陈学森,20070857
马江涛,20070858
王贡勇,20070859
刘宇,20070862
杨淑春,20070861
王素芬,20070860
周媛凤,20125749
王文生,20125751
高印寒,20125750
段德炳,20125752
鲍长江,20125753
王建新,20329415
胡国泰,20551196
沙雨峰,20594171
刘鹏飞,20608851
谭超,20608852
姚恩东,20358518
徐申珅,20551200
刘健,20069079
刘卫民,20069080
吴吉林,20465286
胡洪,20172501
王平,20234608
董建红,20165858
苏晓甦,20167355
张家仁,20003484
马武,20278123
陆文俊,20441960
孙德润,20172489
杜杰,20278126
李强,20278125
佟绍成,20015159
唐克林,20053550
宋思忠,20039270
刘熙,20441965
周永建,20441962
任彤,20101301
李军,20514233
晁春雷,20572395
薛非,20572394
廖忠华,20572398
刘兴盛,20572397
李国庆,20574671
王克伟,20172496
安德武,20008780
石柯,20172488
许斌,20172495
李克成,20039183
佟保安,20009462
刘涛,20059260
韩晓军,20725204
罗文涛,20124490
李智勇,20057287
章家乐,20018044
唐荔城,20018048
陈小华,20018938
林峰国,20028507
许金和,20018942
朱德义,20018049
张亦春,20019799
唐予华,20018046
钟志刚,20018043
陈瑞莺,20018042
廖益新,20018047
李斌红,20018045
詹金明,20041612
屈文洲,20045924
罗建国,20428950
陈锦堂,20585732
许元清,20429503
任成发,20585736
于子桓,20585738
陈侢春,20588327
朱小聘,20047954
李玖,20073733
魏庆文,20001029
李心合,20009306
王军民,20073731
王树华,20157217
倪炜,20283645
叶树理,20003755
许苏明,20290069
陈良,20449203
张晓林,20040738
高松,20144879
魏青松,20449205
蒋建华,20449204
钱爱民,20340800
王晖,20512410
沈滇,20073737
陈宁,20566526
眭红明,20073734
吴越,20073735
林育德,20051479
胡永军,20605354
贾宇,20605386
张铁楹,20724449
成希,20742001
刘宁华,20054575
于仲福,20063324
吕睿智,20384370
纪爱师,20171633
张泉,20029635
庄瑞豪,20269511
唐密似,20305889
张志祥,20160772
包叙定,20072985
马萍,20013510
张建勇,20137917
谭旭光,20024573
李寿生,20195308
李学军,20019586
王明富,20018915
尚元贤,20038992
尹维劼,20038993
张夕勇,20013484
包晓晨,20072986
徐振平,20001066
余东华,20013522
杨巩社,20038994
赵景光,20013504
谢玮,20488792
张新,20337464
邢洪金,20023761
王珠林,20046135
巩月琼,20139043
徐利民,20562680
刘良荣,20000792
张子云,20013486
安庆衡,20013481
王柏松,20031751
李洪俊,20031750
赵海,20013485
刘毅男,20013483
李进巅,20013487
常金荣,20013506
张小虞,20013520
顾忠长,20017687
孙鲁安,20039544
冯志阔,20072989
刘学敏,20033810
钱凯,20019681
陈维娟,20047504
李波,20013512
卢振宇,20121880
韩庆,20067196
叶小华,20579353
萧枭,20587932
李岩岩,20720294
孙彦臣,20720289
王文伟,20720287
潘文志,20187769
黄艺苑,20300224
邵立岩,20152969
张庆文,20152963
罗建钢,20449121
杨灿阳,20152965
戴芙蓉,20152964
齐伯更,20152966
陈宇,20593403
黄已艇,20593402
杨镜琳懿,20593400
任艳,20184275
肖文革,20300292
张彬,20300299
吴冰,20300294
刘洋,20409380
辛茂荀,20167849
李荣强,20049370
高达明,20041206
金翔宇,20041205
邓江,20041207
蒙勇,20041211
邓富江,20041213
陈兴述,20017198
章成平,20041214
冯庆泽,20041216
梁崇英,20047646
汪志雷,20047955
成清,20126363
程源伟,20016809
陈伟,20163021
李定清,20163023
吴凡,20300297
范红,20300298
张然,20285968
孙卫东,20530634
崔晓钟,20486054
王淑力,20186110
夏长涛,20172747
王鹤,20053526
李卓,20186111
刘鹤群,20168047
刘云霞,20283663
赵彪,20050483
李文华,20125288
徐宝军,20547647
张昆,20283662
钟田丽,20330934
鲁忠,20545034
栗皎,20545033
陈新海,20053530
徐仲,20545038
孙纯君,20053525
卢淑艳,20006134
田军,20020447
陈惠仁,20020439
张伟明,20020445
张之中,20053527
武常岐,20528180
孙恺,20020440
刘永泽,20012197
林伟,20020449
申聪,20020446
王琳琳,20023472
石英,20001226
阎世文,20044704
尹武业,20044705
路远达,20053523
刘春时,20152652
卢秉恒,20051949
傅代国,20320787
刘贵磊,20301740
程飞,20443493
黄开军,20507896
何军超,20443490
郭元晞,20320786
刘志坚,20029843
吴隼,20319427
张小平,20461821
刘磊,20461823
徐志芳,20068409
徐丰贤,20461824
魏艳,20527259
周权,20610028
彭润中,20564602
卢庆辉,20591424
张云燕,20028388
黄俊,20698102
胡维泉,20482891
王悦,20186009
杨卫星,20336152
肖晗,20186007
苏月红,20036709
彭中天,20042942
杨帆,20277763
葛黎明,20014980
喻景忠,20004243
刘一凡,20029828
朱卫武,20029827
马敬民,20461828
李淼,20136461
薛求知,20014982
郑晓明,20014983
樊卫凤,20014986
帅平英,20014985
曾国辉,20014988
张长海,20014987
李鑫胤,20029837
黄玉平,20029838
吴明辉,20029833
陈小鲁,20029831
杨光,20047852
梁广鸿,20035523
万振扬,20047853
吴照云,20006786
徐石乔,20173466
陈伟,20183501
曹一平,20277024
缪和星,20068386
林力,20294274
王亚明,20123491
苟光亮,20294278
徐团美,20297443
徐毅,20294275
李斌,20024443
樊心磊,20522928
李晶,20570214
周先田,20016422
涂勇,20332455
王军,20570217
牛敏,20054676
董光辉,20024419
喻翔,20024421
段云保,20024420
张彤,20054680
李海廷,20054678
彭金辉,20054679
张来稳,20024426
宗家鹏,20054681
李红,20024418
王良昌,20024422
滕宗兴,20024423
宁平,20024424
于毅,20024425
陈国华,20123493
罗永隆,20714937
谢瑾,20714936
杨丽波,20735195
刘冬,20276708
梁长彬,20339207
王春鸣,20006191
江金柯,20276715
杨昆,20276707
王欢,20085206
何延龙,20432234
张伟娟,20519549
许冬梅,20432240
杨川平,20487703
宋海彬,20006205
蔡洪滨,20532574
谢思敏,20532576
李秦生,20006192
赖宗涛,20006195
荣森林,20006204
何小丽,20006206
胡艳琴,20006197
李定明,20006201
彭玉书,20007118
黄朝聘,20007120
熊云全,20007128
王静,20019856
李金风,20030745
王云露,20048032
覃海先,20048033
朱永明,20045109
林万祥,20005730
曾刚,20045110
曾勇军,20058448
韩旭光,20744561
王东升,20177683
万永兴,20176390
燕刚,20176392
曹诗雄,20280363
王立峰,20014788
宫云科,20014794
许爱民,20014796
蒋绍庆,20014791
王龙,20014795
吴育华,20015685
黄玉荣,20015686
姜海林,20014793
梁仲康,20015687
李金林,20015688
隋智礼,20046604
张本明,20015684
曲丽华,20046603
宋文斋,20046610
邢晓英,20046608
纪晓文,20048909
沙岩,20038544
彭晓琳,20038541
于萍,20038543
邢国珍,20046605
缪玲红,20077088
项小燕,20129847
文定秋,20176394
张龙根,20176393
王新颜,20176387
周宇,20387284
刘春燕,20435815
刘选智,20655307
李群立,20177684
赵兴龙,20013982
赵宁,20020395
李桂弟,20332088
梁思思,20332087
刘福民,20013968
余水,20013972
倪新华,20013974
田西平,20013966
王来柱,20013971
涂丽娟,20013973
王太川,20013969
刘敢庭,20013981
胡瑞文,20013977
李林,20013942
唐凡,20013947
姚绍山,20013945
杨瑞龙,20656998
纵勇,20013938
雷洋,20013983
蔚长海,20013986
刘力,20189575
朱一波,20013988
吕海洲,20020394
李春江,20020392
杜莉娟,20141086
姜平,20020393
陈洲其,20046410
吴志凌,20039937
闪桂林,20049692
高国旭,20053779
周存会,20148815
万安娃,20332086
陈香兰,20453044
陈洁,20259450
智丙辉,20258319
陶涛,20332550
孙继超,20258318
王荣,20355243
王胜利,20475895
王爱民,20483042
陈育林,20475896
王小菊,20255912
潘志华,20258320
刘华富,20259412
杨旭,20506516
胡春燕,20486954
窦小刚,20527272
刘菊香,20610423
徐中,20704976
周学琴,20704975
王军,20704974
龚经治,20184784
李勇,20002859
隋海峰,20320919
王国生,20009943
胡凌志,20056851
周树英,20056853
陈磊,20187743
谭文丽,20506042
司徒功云,20001743
黄巨芳,20034875
徐宏军,20002860
李杰斌,20002854
黄钧儒,20002862
唐勇,20002853
龙晓荣,20002861
冯道谦,20002895
王小卒,20002863
姚国平,20009914
施龙宝,20029481
丁贤德,20055346
王进军,20002876
袁忠,20009954
胡晓登,20055344
刘宗义,20002806
石校瑜,20055343
肖连生,20142217
曹玉生,20566370
黄琴,20604733
韩箴余,20722261
张小彬,20722259
刘桂华,20722262
张再鸿,20340626
万峰,20028444
苏恒轩,20028457
熊军红,20282585
韩冰,20676804
徐海峰,20291116
张响贤,20150973
刘家德,20028456
李国栋,20547519
王思东,20150974
林岱仁,20028454
刘英齐,20028455
时国庆,20025471
庄作瑾,20028445
马永伟,20028447
夏智华,20028449
莫博世,20053685
田会,20028452
史向明,20053686
周德熙,20196876
才让,20022051
青戈,20028451
杨超,20028443
杨明生,20142386
杨翠莲,20164854
白杰克,20332389
罗朝晖,20553319
袁长清,20553317
梁爱诗,20193125
黄辛,20586717
贾玉增,20576684
王滨,20029713
宋平,20571175
唐勇,20602230
赵鹏,20553318
方峻,20126765
陈涛,20185858
江山,20041755
黄雅虹,20331907
王迪迪,20049389
郭彪,20698815
李玉周,20552076
王海潮,20698816
向显湖,20037049
罗正英,20070344
蔚献民,20051174
董静涛,20051163
蒋昌华,20051178
陈建远,20001932
张森林,20029018
韩恂,20000744
魏建平,20294152
叶克林,20129722
章群,20028161
何志尧,20048626
杨云海,20331908
沈建宏,20654237
单洋,20654238
杜建华,20654234
李建国,20283652
刘洋,20283651
乔永超,20283653
袁志敏,20283648
辛宇,20283649
葛芸,20283650
路晓燕,20418990
韩颖梅,20418988
李忠文,20428557
陈锦棋,20418989
刘静艳,20337402
陈克洪,20447862
马春光,20678933
刘学,20686895
刘宏强,20073595
王凯,20073141
马艳杰,20247369
曲向荣,20177396
霍光,20363807
徐巍,20344951
平贵杰,20073594
潘建华,20031806
侯勇,20145786
李文强,20073598
王福胜,20024004
杨庆国,20073601
梁澍,20277388
李岩,20532205
任枫,20532194
叶向阳,20033583
蒋贤云,20033580
赵新民,20033584
林庆灯,20033582
许震鸣,20033547
孙洪志,20033550
郑彦章,20033551
刘公平,20033549
吕宗亮,20033525
周志强,20033529
赵廷阁,20033532
丁伦强,20033527
张颖,20033528
李华杰,20033540
姜淑秋,20033526
祝运兰,20033537
张天祥,20033539
陈旭日,20033538
王军,20033534
李洪洋,20033536
徐戎,20033980
孙文博,20033981
田瑞金,20073142
郑香芬,20073143
赵甦,20073597
曹威,20073602
李静,20073600
隋吉平,20499425
赵玉山,20034329
韩文健,20034332
刘保玉,20029193
于深基,20034330
车轼,20031070
于善福,20034336
于克兴,20034337
战淑萍,20034331
徐景熙,20046192
李家强,20034334
张荣庆,20021922
唐积玉,20167130
张桂庆,20002249
丛义周,20070950
车志远,20441507
唐昊涞,20630794
李德星,20291220
庞庆华,20055198
李恩久,20171989
刘小峰,20277683
孙志新,20055204
贺静云,20055201
武成,20055203
张毅,20277681
解冬玲,20355438
汪栋,20277688
苏珉,20337459
杨家庆,20055199
张经,20055207
郭洪岐,20055208
祝允林,20055209
李秉京,20055210
李印广,20055213
曾红艳,20591465
廖朝晖,20053145
郑挺,20714962
黄继宏,20714960
庄信裕,20714959
刘云涛,20722726
赵长利,20736006
徐杨,20017784
余正春,20296347
徐国生,20363259
曹贤庆,20030623
白秀兵,20194600
文生元,20001462
王志军,20073284
王团维,20184352
张玉军,20118230
秦庆华,20053471
原钢,20001408
孟振平,20001405
常小刚,20001406
李光华,20001411
郭秋平,20001412
胡俞越,20001414
杜兆南,20001448
齐抗美,20001452
贾斌,20001454
郭守国,20001455
骆新都,20001468
梁华军,20035167
李明星,20048125
常代有,20055770
张大庆,20017787
刘占全,20042713
任永平,20028877
韩志伟,20041523
宋晓伟,20002010
张锋,20067643
杨治山,20047598
郭泽光,20054809
李三杰,20073285
吕益民,20447087
赵文阳,20447084
刘文彦,20664597
张振平,20664599
曹焰,20017783
李玉敏,20444287
齐炜,20734260
郭起旺,20455570
虞云峰,20066862
蒋本山,20188354
黄安莲,20149651
蒋远华,20013523
王在孝,20013528
王华雄,20013526
林福平,20149650
包晓岚,20045122
彭志刚,20013546
李齐放,20043327
师耀强,20066860
熊霖霏,20066861
张宇红,20045123
王红峡,20335901
余晨扬,20013524
卢进福,20013525
吴书平,20013527
付建军,20013532
耿刚,20013545
刘建明,20013541
李先军,20013542
唐春风,20013585
桂智莉,20013579
孙长旭,20036337
谭洪恩,20022236
赵大河,20017485
酒正超,20029400
李忠超,20001255
李宝林,20013544
杨继林,20013537
王宏志,20013548
施辉,20013547
姚萍,20030647
李善民,20005992
何涛,20029401
邱思胜,20034560
宋东,20034562
许本华,20045124
李爱华,20465591
吴伟荣,20542722
张恬恬,20546353
郭锐,20567958
胡亚丽,20519713
王心彩,20651623
胡炘,20025092
俞向前,20003705
李炳茂,20016737
强力,20007583
冯科,20044730
杨斌,20016757
彭恩泽,20053864
王涛,20025094
原学功,20149133
张晓东,20044664
王锐,20016764
郝小秦,20016736
章东凡,20016732
刘榕,20016730
龚冬海,20016740
王立涛,20016738
钱国樑,20016768
王梅,20016733
谢思敏,20016742
何雁明,20015093
孙国俊,20016731
雷华锋,20008509
党建荣,20016728
田向群,20016767
何晓勇,20008494
谢奋颖,20025096
李成璐,20044287
马韫韬,20044288
宫蒲玲,20484630
汪方军,20408775
解嘉,20016779
白永秀,20408792
宋敏,20199909
李军利,20016760
祝社宁,20408774
王智刚,20408790
杨桂芳,20403474
李成,20557694
王自更,20670051
王振江,20670052
袁旺家,20679425
金鹏涛,20735324
孙杰,20743222
李竹青,20278453
张怀清,20143252
胡志宏,20064531
王春延,20278452
王挺,20335368
袁智敏,20171101
贾立东,20064530
张旭,20064534
刘育君,20278461
李志圆,20278457
徐莉,20064536
刘克江,20064532
蔡君,20064537
刘俊杰,20064535
王光英,20545265
刘飞,20571035
焦金芳,20692349
梁发章,20690316
朱晓,20159331
韩鹏飞,20180845
黄家禄,20151669
杨勇,20151672
郁征,20151674
晁锦苹,20151671
任戴明,20277097
殷少顷,20180920
张耀,20277096
陆建芬,20332096
陈禹,20151659
占世向,20061062
陈惠文,20475952
朱大年,20064632
谢丰,20482878
钱明星,20475950
董琪,20475948
董顺来,20475942
包炯杲,20332201
徐华东,20568293
郑锋,20062519
汪瑞敏,20011752
钱建一,20151670
石军,20151660
任元林,20151662
蔡逸松,20151665
乔久华,20151666
史永吉,20151667
蒋文伟,20151668
景明琪,20564936
王富丽,20656841
付洪岭,20727174
温振强,20188377
李旭亮,20128782
梁金成,20128785
丁友刚,20232102
王艳霞,20232110
邓军鸿,20363182
姚丽萍,20363184
陈永洪,20128786
陈文星,20128788
鞠新华,20056752
陈燕生,20042668
王治强,20682087
贾茜,20564269
仲长昊,20569832
王瑞平,20007215
林茂玉,20128787
吴琨,20128792
赵东生,20128793
刘穗珊,20128789
李瑞琦,20128794
杨红,20644090
李伯阳,20734274
魏晓静,20055255
王原,20060607
匡晓明,20322290
施永吉,20292412
贾祎晶,20322285
桂冰,20322286
李远华,20288020
邵阳,20026655
高以成,20322284
于泳,20322299
程小可,20322296
刘德雷,20322297
赵辉,20441500
高根宝,20542688
王波,20335664
韩俊良,20060605
常运东,20018749
陆朝昌,20054185
赵鲁平,20060609
张勇,20060610
许玉生,20060612
徐成,20066888
赵洋,20060613
陶刚,20060617
孙磊,20574824
张昱,20599218
洪楠,20599724
滕殿敏,20702480
梁红梅,20287319
刘娜,20248504
缪文彬,20248502
周燕华,20248503
龙翼飞,20019771
盛波,20056272
李清飞,20276758
陈宝康,20334623
叶林,20202961
陈宝芳,20334622
黄翠娥,20248509
汤胜红,20283119
赵欣,20248505
宋晶,20461867
欧阳辉,20573847
杨聪杰,20606851
姜军,20606852
李韶军,20606853
刘亚敏,20606855
孙长友,20606856
查颖,20606854
张波,20606857
武雁冰,20606858
徐金苓,20686626
周凡卜,20611773
王纪文,20734674
朱榕,20180794
邱学文,20002176
于博,20614497
陈苏,20699774
罗观华,20033238
马兴法,20033235
陈建冬,20033241
马伟良,20033237
杨永春,20078151
张立权,20264940
陈丹红,20527390
周宇,20058466
张志成,20518002
赵路明,20517999
包淑红,20381750
杨利军,20517998
周方强,20518003
傅淼,20517991
王义艳,20532611
魏晓红,20041490
辛金国,20016455
方庆,20033243
吴惠仙,20033242
时大方,20033240
刘建荣,20053180
郭海洲,20053179
沈有高,20044257
刘英,20058462
武剑飞,20614498
陈国民,20593138
吕建中,20614501
陶振武,20542786
陈长振,20155354
徐茂栋,20507330
赵华,20577996
张云龙,20532607
岳士杰,20593141
俞丹平,20593143
张铭,20593140
刘立早,20593139
陈晓东,20593145
刘会林,20593730
高岩,20644081
杜黎民,20593148
孔全顺,20652317
陈友德,20730131
王琳,20730130
李仁生,20035715
管朝晖,20064238
周宏,20269817
夏彤,20142885
徐以祥,20296405
姚小虎,20296404
朱建派,20035709
张理全,20185823
窦辉,20074765
刘大卫,20384987
陈山,20035704
罗福勤,20035702
孙毅杰,20035705
王翔飞,20179408
涂德令,20035706
孙渝,20035708
卢抗美,20035712
高守伦,20042620
刘天倪,20208230
巩君,20044781
邓强,20064237
董林,20050159
冉茂盛,20041682
周竹平,20566813
王振华,20333282
金艳民,20044215
张伟,20005137
钱南,20695464
孙勇,20048717
程雪垠,20058047
苏文兵,20175538
杨怀珍,20032623
李浩,20412216
王家琪,20412218
宋荣荣,20279763
辛克侠,20292008
林辉,20484706
李旻,20053846
恢光平,20050909
沈坤荣,20019965
杨帆,20569398
陈军,20475837
应文禄,20005149
黄君励,20005136
赵芝富,20031716
花贵侃,20023387
刘小峰,20005131
徐锦荣,20005134
王伟,20005133
沈晗耀,20005140
徐文学,20005143
张健,20005141
金明,20050686
殷保宁,20039982
杨雄胜,20012756
贾志刚,20552805
徐春,20503033
殷栋,20304634
黄钰昌,20566820
郑杰,20566818
李永祥,20033088
陆俊勇,20566824
郑玉春,20330499
王力,20022896
吴孝明,20330760
黄小川,20330761
倪正东,20322659
宋春静,20064602
陈刚,20064605
王诚军,20027284
杨真,20064609
周林洁,20064606
陈仲华,20165602
王春雷,20165578
彭松,20440499
张向宁,20545039
姚晓洁,20478439
葛建会,20563354
李孝念,20714718
黎万俊,20723444
杨金钰,20734177
陈曦,20725755
邹衍,20504339
许娜,20610840
何嵩华,20602652
商红军,20657474
曾凡曦,20657472
岳雷,20669832
鄢克亚,20671427
廖帆,20705884
张谊浩,20563825
王兵,20541220
张杰,20048019
王翙,20339117
陈刚,20048000
朱春燕,20054045
王志民,20047999
张辉,20048006
吕伟,20048008
吴光成,20003536
王晓东,20048001
刘涛,20048003
郑石桥,20007040
姜德鑫,20048004
孙愚,20002255
朱建国,20047998
熊保恒,20048010
朱元祥,20122585
付大泉,20122583
陈建国,20008527
倪志江,20149239
汪伟,20048012
牛丽娟,20151691
周彬,20339110
罗瑶,20228906
黄健,20339114
孙杰,20551398
杨文成,20339116
黄为群,20339111
罗毅,20293485
Ping Yu,20694269
王爱国,20340870
侯建芳,20061443
侯五群,20061444
吴易得,20061446
王晓武,20061448
邢晓华,20061449
石大荣,20061450
冷安钟,20061452
侯松平,20061453
王全意,20061455
王秀,20061451
丁美兰,20170888
杨桂红,20061457
徐桂芳,20170889
李宗全,20001137
董彬,20048719
赵蕾,20278678
杜树良,20023688
赵序宏,20001106
李磊,20449130
王树军,20075613
齐方军,20362520
严天南,20278679
陈昌梅,20463262
陈阳友,20449127
胡小月,20539313
许树茂,20556326
徐家力,20556328
王磊,20556325
王阳,20556332
张仁寿,20001167
韩金福,20001112
韩立彬,20001113
黄赦慈,20001114
符养光,20016274
陈戈,20001115
孙建伟,20001119
安继荣,20001117
刘继华,20001118
刘连琏,20012604
周仲威,20001166
杨仁发,20017426
王为,20021792
王洪,20018867
孙丰和,20021809
王中华,20030613
傅贱根,20023692
饶成惠,20023689
冯大安,20041708
谭劲松,20011005
许新跃,20052681
夏文军,20248571
张辉阳,20248566
卢军有,20248573
李臣,20248561
赵荣春,20248569
杨承杰,20248567
胡凯,20248568
马德全,20248565
朱治海,20248562
夏凯旋,20452148
何鹏举,20452171
薛丁胜,20507419
黄琪,20507807
张伟,20667724
何妮,20177279
岑伟平,20692317
马鸿瀚,20182070
李淼,20561216
杨涛,20573832
王迪,20677425
李韶军,20318535
权玉华,20038273
刘海燕,20057686
周传升,20057677
李云武,20244131
成文永,20244132
张婷,20244133
王洪洋,20242312
熊平,20318538
董晶,20318565
王瑾,20318547
罗建北,20279068
顾明明,20542973
陈岩,20542980
李维华,20542982
庞晓宇,20573835
李维忠,20057679
董华,20057682
耿军,20055762
符启林,20573833
张文祥,20614525
王天宇,20523225
王凤岐,20573831
赵海军,20213287
邢卫民,20720059
孙明健,20720061
韩勇,20011251
王源,20269812
余宝祥,20069933
陈益平,20052230
徐德健,20044823
周晓兵,20269813
丁益兵,20174098
陈超,20292776
单晓钟,20011248
胡海鸽,20011249
王勇,20011252
周发亮,20011253
陈山,20009039
张二震,20011259
王敏,20011262
王跃堂,20713417
黄伟中,20011260
周国庆,20011284
张建,20011263
王开田,20005086
邱斌,20048835
徐康宁,20033524
管春华,20065326
丁杰,20011294
奚建平,20161407
侯冰,20161408
陈晓东,20174097
樊晔,20011288
沈颖,20587626
苏强,20587625
陈军,20561754
巫毅,20729534
陈耀庭,20347006
袁怀东,20347007
黄力进,20347010
马洪,20347013
李建华,20347009
朱国泓,20347016
张峰,20347018
王晋斌,20347014
宋宽仁,20347022
张和清,20347020
韩斌,20347017
王大和,20347019
赵卓权,20445394
沈彩芬,20445369
赵俊,20347027
李颖琦,20146929
宣秀芳,20467950
胡志浩,20456128
韩长印,20589655
胡海峰,20725854
汤晓云,20725853
林田,20649010
钱俊文,20725856
林平,20006690
尚朝伟,20279092
王大明,20279086
王利群,20006672
张小猛,20422949
罗阳,20279091
朱宝库,20151845
申屠宝卿,20055967
刘成文,20042970
叶少琴,20045379
王菁,20547667
熊茂俊,20547662
谢征宇,20547666
杨海滨,20547663
黄东坡,20547665
黄源,20547668
吴粒,20547670
周德元,20547669
张华龙,20547673
张海军,20555309
王同渤,20547672
万江明,20566791
余为梁,20566798
张玲,20566794
李备战,20566795
李馨,20006691
雷鸣,20006675
杨洪昌,20006670
沈志奇,20006669
赫国胜,20012270
佟贺,20006677
郭晓东,20006671
王剑迅,20036157
白羽,20036158
尹良培,20036160
万寿义,20004453
李海英,20050972
齐法滋,20055280
余学军,20061163
王蓓,20153836
黄远成,20566790
黄炜彬,20729052
邢春琪,20729050
尉文平,20729051
金川,20278021
黎晓宽,20127366
杨士彪,20127361
高世星,20127368
李铁民,20127357
王浩,20188185
周鸿,20278020
孙志坤,20370050
吕广伟,20051463
贺红春,20012210
安逸民,20012206
刘建文,20012207
孙建华,20012254
郝万禄,20012259
钟碧城,20012273
吴涛,20012280
侍克斌,20012261
郭运斌,20012285
王伟,20025744
武国元,20025745
柳志伟,20025747
高向军,20025746
徐建平,20012218
金波,20037892
金平,20046507
刘思芬,20046508
李大明,20012906
李红,20043343
钟志军,20046505
宋小刚,20048052
雷祖华,20127365
曹坚,20127363
高传义,20015720
王人风,20127358
卓逸群,20535857
庄起善,20441921
马春华,20008650
赵慧军,20339661
刘文吉,20581683
成小云,20514348
闻安民,20131197
马丽,20573174
卢声,20573180
王景然,20541878
廖小莉,20621618
房丽民,20581681
王洪波,20251360
方涛,20250501
魏志新,20251340
郭静,20318642
由海涛,20251461
潘忠,20250991
李方,20251735
李肖旭,20335936
杨华锋,20335938
刘召辉,20595148
王小勇,20411727
李幂,20594374
刘慧莹,20600829
徐可,20592667
潘诚,20715634
吴长顺,20016148
张太升,20016149
姜黎安,20125385
安志平,20016158
魏书斌,20046356
王存生,20049302
成先平,20069776
李斌,20043372
李福永,20017589
牛重军,20289528
李利剑,20489436
曹树卫,20570120
史济春,20016153
李文山,20016154
姚桐,20016156
谭恩河,20016159
昝廷全,20016160
阎长宽,20016163
郑东,20000042
郭爱民,20030669
庄裕红,20036577
张强,20036576
张原,20036574
宁钟,20068169
范超,20180772
牛秋芳,20055755
杨利,20058028
张天成,20005832
吉明,20010543
曾继缨,20495321
厚飞,20495323
傅加林,20019960
吴智华,20426295
张新明,20036580
徐斌,20036579
曹昕华,20036583
谢兵,20055756
李树丽,20036584
陆晓澜,20036582
翁铁建,20352371
曾学忠,20021441
李洪亮,20716524
市东一元,20737326
魏晓亮,20589604
于银俊,20489443
李朝玺,20597457
管炳春,20419907
牛治中,20745662
郭宪臻,20745666
洪烨,20745663
陈红伟,20745661
薛钟杰,20064469
薛黎明,20064466
薛晨光,20291249
赵叶平,20064477
齐丽巍,20169203
赵鹤翔,20064471
孙峰,20064468
李建新,20064470
薛晨霞,20064476
王志峰,20388776
黄欣,20433584
张红旗,20433586
徐松,20654265
王卓贤,20006554
张惠芬,20006600
金秀芸,20006593
孙跃凯,20009555
周黎明,20044223
许世坛,20044222
孙俊卫,20006569
王开国,20528132
周金伦,20006574
刘传秋,20006572
胡鸿高,20003417
韩淑温,20044225
马中,20044227
陈松,20044224
许薇薇,20053723
王瑾,20044229
单琪,20027468
王蓓蓓,20052305
董静,20149948
李大沛,20340287
徐士英,20006140
周一飞,20340304
吴泗宗,20583587
王广钟,20009000
刘恒书,20174022
陈基华,20055421
陈沛,20364790
武红梅,20302173
易铁军,20517981
李建斌,20517983
金盛华,20033106
杨华勇,20518004
刘恩国,20518011
魏云祥,20519422
杨路帆,20519423
邓元发,20008914
黄庆,20001396
王新,20302172
张文杰,20177040
邓爱民,20008998
蒲良海,20502398
马文军,20020042
林鼎富,20008913
耿立川,20008915
董振川,20008916
李学华,20009005
王俊明,20008918
方国建,20008924
黄西华,20008991
吴光,20020043
刘广斌,20054716
彭韶兵,20027048
杨凯利,20020044
张诚,20054717
杨成安,20020047
王治虎,20038862
周高飞,20717147
曾忆陵,20729431
何德旭,20024528
蔡建国,20304060
肖行亦,20304021
吴文兴,20304027
国世平,20004576
王启文,20052835
邓先海,20304073
洪小清,20304049
邓庆明,20304066
叶玉娟,20304057
郑晓明,20501186
林晓罡,20501185
雷晶,20605183
蔡春喜,20650798
魏丙奎,20501183
萧行杰,20725746
盛家方,20725747
闵耀功,20505856
陈实强,20656347
黎锋,20725745
李林芝,20043113
方宏庄,20359467
徐尹生,20359464
徐长生,20002297
王博钊,20359465
郑朝晖,20124531
肖炜孝,20002284
李振松,20030670
江海,20002276
胡建东,20002287
李扬,20002294
刘斌斌,20002300
夏成才,20002299
石峰,20003509
宋慧娴,20003510
钟金昌,20002333
徐钟友,20038253
吕剑淮,20053234
赵新炎,20023712
陈义龙,20043112
周忠胜,20049381
张龙平,20026520
闫平,20068783
邓宏乾,20053236
张自军,20053232
胡学栋,20002308
张兆国,20361266
孙守恩,20593923
朱华银,20390767
沈烈,20593924
李张应,20594648
何威风,20574591
王海鸥,20610347
倪阿荣,20612965
王学军,20041559
管自力,20612964
金天,20630020
谢科范,20043277
须峰,20612966
覃西文,20612963
涂海珠,20693935
沈夕林,20612968
郑李民,20398568
彭仕平,20398588
郑凤梅,20398585
李兴浩,20398567
卢涛,20398574
常华军,20136931
李新天,20048773
宋俊,20165908
易继强,20136925
邹明春,20052839
余婷,20513245
陈泽,20297040
胡东群,20297041
贺文忠,20136929
步智林,20333753
戴黔锋,20327793
郑春美,20144003
颜华,20136922
罗慧,20136923
张凯,20026915
刘秀文,20136926
张宗友,20136930
卢雁影,20744488
王卫平,20744481
李洪杰,20744480
吴庆丰,20055660
潘和清,20055661
王辉,20457851
陈少忠,20055655
李志刚,20457859
唐林林,20457865
曾会明,20457866
王锋,20694747
郑东平,20668226
胡晓明,20455465
刘龙,20694748
王新立,20694749
李世亮,20588549
华丽亚,20458167
孔少华,20055657
徐宗宇,20052307
王扣成,20055658
高立新,20026027
张月明,20457872
刘春,20326844
赵宇,20188313
王哲,20727003
肖锐,20245919
陈文梅,20245913
邓亲华,20245904
杨丹,20053440
范小平,20245915
Heinz Pichler,20245912
陈道江,20245917
崔树清,20245920
王军,20245911
邬锐,20245928
王建平,20263718
董显银,20444267
杨武,20269716
范自力,20038044
何丹,20263717
刘兴祥,20177177
王培勇,20269717
娄雨雷,20286802
段宏,20631301
周迎锋,20668246
叶鹏,20728824
周东来,20728823
周曙光,20321982
姚志剑,20280113
周光华,20280149
汪舵海,20280111
陈芳超,20280150
张荐,20280146
余斌,20280117
李志安,20501026
赵俞,20543375
吴德芳,20436647
阮宜加,20280152
陈桂初,20543373
陈勇,20543388
张神钢,20584169
王柏生,20505838
刘放心,20599583
张婧璇,20543389
李仕兵,20675843
陈卫国,20224523
郭文峰,20042984
杜书伟,20042983
鲁德朝,20070794
涂为东,20491233
邢红梅,20502559
王军,20070791
王春华,20329342
常胜秋,20224519
刘保申,20070798
王振宣,20011244
尚福平,20012182
郭忠文,20036299
陈绪法,20012137
江霞,20012154
耿忠义,20012139
董兴旺,20012141
蒲建平,20044360
费志冰,20033357
丁波,20044354
汤莹,20044349
王金余,20004305
莫先跃,20070925
曹体伦,20694442
王伟,20502564
韦巍,20180844
胡仁昱,20193818
罗剑烨,20193819
骆克梅,20132167
周丕荣,20032053
邱亦夫,20151174
陈道荣,20032046
范志实,20032052
屈军,20184707
陈孟德,20530912
陈孟列,20183481
张传晕,20047605
陈建业,20474232
吴培国,20022059
刘群,20022060
孙锐,20016521
陈立虎,20022064
张齐生,20022065
彭心田,20016520
林建伟,20032049
祝存春,20032050
朱宝和,20016938
陈凤兰,20026179
张智跃,20063127
崔景春,20051655
倪淑燕,20063126
彭传彬,20583751
周民艳,20612548
林忠沛,20530911
汪光宇,20659729
罗林,20500966
许国平,20320801
刘智伊,20320814
吴承明,20320824
顾伟国,20320800
俞文修,20320810
古树林,20320813
迟福林,20168983
陈静,20053561
陈共炎,20486955
陈继江,20428269
刘瑞中,20558270
刘丁平,20571316
张景华,20031890
王世定,20015898
张天犁,20656655
方燕,20656657
肖立红,20656656
王泽兰,20671133
刘淳,20671317
樊敏非,20735959
罗卓坚,20725833
王志辉,20280556
王朋,20275502
余静文,20339211
陈湘云,20032960
付恩平,20056076
陈鸿允,20009509
黎湛,20009514
韩华,20009515
雷苑茵,20009511
吴国鸿,20009507
吴少雄,20009508
许小思,20009581
陈宪沙,20009583
吴绪清,20011844
林毅民,20011842
蒋年云,20009517
宋献中,20016501
钟世甘,20009529
戴逢,20032961
李非,20009843
何德赞,20038960
胡志勇,20044062
张容侠,20043375
谭建国,20037050
张桂芬,20055252
陈昊,20055251
吴向能,20058496
李新春,20012497
隆利,20144298
谭燕,20195298
梁文才,20658483
张晓峰,20729033
于东,20043356
刘家雄,20028526
项敏,20188150
邱忠成,20032746
常清,20167424
李军,20008386
唐禕峻,20188151
薛敏,20054081
童伟芳,20136917
王蕾,20322055
谭影,20322056
吴志明,20322051
郝军,20146554
张建英,20494677
周侠,20322050
金蕾,20340437
付欣,20327843
刘小榕,20327847
周瑞昌,20014427
潘步恩,20014434
邵礼群,20014420
何国英,20014428
寿向阳,20008395
陈国良,20014317
顾有根,20014432
郁建福,20014431
庄松林,20014443
裴静之,20008394
陈五凤,20014469
张仁和,20014430
高月华,20014429
徐森康,20014364
贡胜利,20014466
张天痕,20014467
邵秀根,20042733
曹德豪,20052108
金炳荣,20028527
田原,20053827
张增林,20051140
樊志强,20032744
邬树伟,20008420
涂国身,20322049
杨金才,20260174
秦永军,20322054
陈亚南,20322057
谢忠信,20429023
叶永佳,20425961
高振江,20327851
赵洋,20565727
王正华,20590418
宋刚,20693566
周煊,20144697
李柏青,20587292
吴博文,20702764
查磊,20593258
李凯,20713523
肖林,20357775
张翠红,20357787
张珂,20357790
张丽,20357781
沈琳,20357763
王秀宏,20002873
宋强,20357771
李鹤,20445873
李明,20522910
李同,20603847
村上秀人,20041067
郑加坤,20069469
朱福寿,20189892
真锅雅文,20069338
贾小梁,20072504
何伟,20486798
黄刚,20192556
刘耀平,20047088
铃木昭寿,20511195
雷平,20232301
张志宏,20026581
侯世国,20232302
丁绍斌,20190593
李克强,20523247
李祥平,20558804
阿施瓦尼·古普塔,20565200
顾林生,20013727
苗圩,20030195
孙宏俊,20030198
金南强,20030185
小松笃司,20030206
刘章民,20197269
童东城,20189889
王明清,20030183
李绍烛,20030200
叶惠成,20029293
徐光武,20030192
中山太郎,20030207
管维立,20012723
几岛刚彦,20041068
王开元,20047090
高大林,20012830
冈崎晴美,20053355
李军,20630038
Francois Bailly,20685874
樊启才,20682578
菲利普·盖林-博陶,20653801
郭涛,20724054
张巍,20526360
陈浩,20610355
施建新,20701543
贾跃亭,20058097
吴孟,20058102
刘弘,20058098
张长胜,20058099
邓伟,20058106
沈艳芳,20058100
吉晓庆,20193814
曹彬,20362531
孙宏斌,20546265
刘纲,20064796
贾跃芳,20058101
隋伟,20610354
杨晴,20567089
李宇浩,20578732
刘延峰,20684236
吕梦勇,20720269
刘洁,20720270
程伟,20743922
张国伟,20021294
陆华芬,20283078
周少强,20063492
张国兴,20013049
石纪闵,20013051
邬承左,20013052
韦华,20013062
张英,20013069
陈国生,20013063
马家尚,20019070
王文凯,20019069
朱景文,20019068
谢吉仙,20019075
童爱平,20014247
林硕奇,20005175
茅建华,20041083
陈福清,20041082
邵虹,20005206
沙智慧,20152072
徐乙宁,20152074
陈杨辉,20331763
黄焱,20331765
丁立红,20293253
林新阳,20331768
周皓琳,20334884
周含军,20037989
张振义,20593933
蔡庆红,20593929
孙远鹏,20596830
孟伟军,20599215
黄桂明,20220509
赖争妍,20136530
陈烈权,20344209
王全胜,20344210
郑学军,20013378
林文昌,20025055
戎国忠,20025060
林文智,20025058
陈志民,20025078
黄清良,20025063
周金旋,20025074
洪连鸿,20040155
林华彬,20025075
屈广清,20038328
李福林,20038327
陈昌文,20040156
周玉梅,20062999
曾庆禄,20136528
王夏月,20136531
詹驰,20552842
张光忠,20537245
陈春菊,20585472
陈国伟,20328840
夏凤生,20047431
苏永侃,20055860
周锋,20047576
徐建刚,20047571
赵瑞俊,20257520
李天河,20190570
朱跃平,20160322
储荣昌,20160321
阮孟国,20280561
李宪琛,20526768
季立刚,20553466
何庭刚,20047578
宣敏洁,20020612
沈伟,20035138
黄琴丽,20020609
袁建华,20020611
王忠强,20020620
黄轩珍,20020621
吴印,20020610
袁世杰,20020613
林皓,20020615
赵鸣,20037035
张龙民,20047575
曾岚,20055844
吴鹏,20055843
潘龙清,20022416
邵少敏,20027397
朱永利,20667764
陈欢,20561257
孙可人,20586140
徐景琪,20667766
魏成臣,20592590
鲍丽丽,20667765
孙爱丽,20548672
金泽清,20173372
朱颖,20715544
邓庆生,20725186
程少博,20086155
杜雅正,20332490
逄曙光,20693783
李学锋,20153983
刘伯哲,20009829
白庆林,20086156
王光明,20029267
杜军,20044849
王奎旗,20086157
郑兴业,20040895
傅代国,20015287
李田,20048727
刘国磊,20086161
阎金龙,20086160
尹吉增,20153982
倪浩嫣,20268719
刘立存,20332491
聂伟才,20072346
荣辉,20443522
刘新卫,20693781
李慧欣,20281754
李绍琴,20281756
金凤富,20281757
杨建源,20281753
李文明,20281755
王旭明,20281752
王松江,20281751
田育南,20238903
陈建刚,20281744
向世界,20281749
董桂忠,20281747
王强,20281743
金冠峰,20281750
李建平,20320034
许来正,20320047
张玲,20320056
尹成伟,20331491
赵晓燕,20453151
黄建斌,20438869
蔡丛兵,20281762
应雄,20281763
高国岗,20281764
陈所坤,20580127
毛兴荣,20505385
刘玉辉,20580125
许嘉林,20580124
韦婵媛,20307882
张震,20307886
崔天龙,20307885
张琳,20307888
罗玫,20173324
高学东,20307890
刘鹏,20525791
柳纯录,20564409
姜浩,20554091
梁巨平,20626130
张妮妮,20713629
饶正建,20401868
程珍,20468103
余良森,20401849
李玲,20694438
梁振东,20699103
王筱楠,20699102
王德瑞,20699101
侯向京,20669077
张宛东,20669072
高天,20669071
胡静,20701421
邬兴均,20701422
钟玉,20055845
徐曙,20055846
赵晓岩,20055849
吕晓金,20032281
那宝立,20055852
李元富,20055853
闫桂新,20160437
王瑜,20055856
隋国军,20410112
纪福星,20669076
周桂芬,20669070
余瑶,20669834
苏中锋,20410117
陈东,20669075
包凤兰,20706614
张金铸,20126669
朱要文,20029395
周汉生,20293107
纪长钦,20166652
杨敬平,20166653
孙旭东,20050167
胡凤滨,20031182
何小敏,20238624
赵国文,20132412
王宏岩,20004762
田耕,20004764
陈鲁湘,20018649
于宁,20200665
高金波,20004756
兰海林,20004759
马中文,20004752
朱秀云,20004763
王景旭,20018648
杨春枝,20004746
陈为国,20029571
袁美君,20004749
张国民,20055568
陈清,20055567
李兴江,20050164
周捷,20050165
姜玲,20050166
武晶,20050168
富柏松,20050171
李子学,20050170
武士昌,20050172
程立辉,20050173
周文彬,20018650
陈学志,20062396
谢以明,20126670
李文浩,20132415
邹伟,20132414
王文聪,20166655
张武,20047075
许静,20563743
董舟江,20722239
吴艳芸,20722238
李晓鹏,20728349
赵晶,20728350
李书升,20276570
孙景春,20162503
宫俊林,20317455
王军生,20005110
黄健,20038878
刘健,20317462
郑炜,20317465
阮晓峰,20317464
杜晶,20552560
范惠众,20144987
郝翠珍,20317466
莫荣,20317461
李云峰,20061805
吕豫,20348476
梁丽娟,20009523
张大岭,20028287
赵双成,20067058
许随军,20249003
侯红军,20067062
韩世军,20067054
李颖江,20064073
李世江,20067052
张栋,20066841
罗斌元,20321971
高永林,20067060
黄国宝,20407386
陆冰扬,20067061
李祎,20067055
杜小冬,20067056
谷正彦,20249005
陈相举,20067065
孙敦圣,20727581
王建利,20729448
李娟,20729447
陈海涛,20048141
崔红松,20003650
姚国良,20003647
彭雪峰,20001674
钱宇,20048142
白凡,20051047
文献军,20048143
赵超级,20003618
张洪恩,20003616
朱国庆,20003624
王元明,20003621
薄光利,20003636
崔宗道,20003634
胡长平,20003632
李志刚,20003637
燕翔,20031461
刘红霞,20031676
赵钢,20031040
王安超,20031039
张松江,20043692
焦政敏,20041579
管存拴,20048140
司兴华,20574182
梁亮,20384255
瞿霞,20654752
马文超,20068689
魏国阳,20657453
肖春梅,20041405
王力,20028555
李万乐,20040458
谷永军,20183497
程玉民,20041402
刘力,20041404
耿建明,20041396
刘山,20041397
李喜林,20041398
金文辉,20041399
耿建富,20041401
李爱红,20055001
高学军,20041907
杨绍民,20145713
刘健,20145716
齐凌峰,20318894
黄育华,20500636
陈金海,20000919
王敏核,20369363
张成,20369361
辛克卿,20369367
赵廷,20369370
许飞青,20369373
王明琴,20369354
朱旭东,20369375
王建堂,20369366
夏海博,20369357
贺辉,20277699
王开新,20277700
李德峰,20300212
席存军,20059459
刘骏,20357890
丁超,20506683
王利品,20059458
方敬蕊,20357897
卢邦杰,20279075
张军,20059463
王侃,20059461
吴忠林,20059462
马文荣,20059460
刘彦忠,20059467
蔡平儿,20059466
常清,20417683
李永军,20023649
俞夏林,20007272
孙健,20657758
丁力,20525906
罗湘楠,20593739
孙浩,20656759
李全华,20708833
司广州,20059597
郭书生,20060486
田连成,20146752
胡省三,20046780
尹效华,20006544
赵正斌,20207399
郭钏,20063009
朱小平,20012746
吕江林,20056341
宋绪钦,20014581
郭日仓,20060495
马跃勇,20060489
刘丰秀,20060487
李相启,20038394
李志刚,20056340
宁金成,20278343
楚金桥,20178972
李伟真,20054573
谭红旭,20123443
王金秀,20060386
徐曙光,20060385
付海波,20184770
薛莹,20060387
田新甲,20060383
虞晓锋,20031699
张初虎,20060381
张国峰,20057008
汪大双,20513432
许小林,20060382
陈业进,20034777
白艳红,20060389
喻久旺,20244501
程非,20725740
高茹,20725430
王述前,20725743
杨元科,20725742
罗照亮,20036847
黄壮勉,20036840
赵自民,20172413
曹杰,20046173
赵自军,20036841
晏金发,20172644
王国文,20172643
张革初,20172642
王丽梅,20056229
陈济乐,20172756
曾国安,20036846
黄固喜,20036839
郑艳玲,20036844
熊楚熊,20036845
台丽敏,20036849
印健,20040519
徐志军,20124379
乔康,20424167
罗典,20501329
费益昭,20145945
洪嘉燕,20671406
林志伟,20671405
彭钦文,20155121
翁方造,20674220
周黎明,20002985
芮世友,20002994
杜纯,20002984
严宏,20002041
孙关富,20002979
方朝阳,20002975
金良顺,20002972
孙国君,20003014
许崇正,20002054
圣小武,20002055
钱卫军,20003024
黄幼仙,20018922
涂成富,20024823
孙卫江,20713836
孙勇,20038744
陶海青,20029404
黄明鑫,20003031
宋长安,20165830
邵春阳,20355367
裘建华,20018924
陈国栋,20003028
章武江,20355369
庚利,20322697
方二,20597493
田新霖,20726578
任顺标,20314739
肖幼美,20527883
袁易明,20314742
张水霞,20314749
熊谨慎,20314735
张雄,20314747
何斌,20314754
林伟健,20579795
王庆刚,20579796
朱岩,20297331
高刚,20238678
陈群,20579797
佛秀丽,20687551
叶东,20297519
唐明,20297530
李新来,20297525
杨启久,20297532
叶红洁,20297528
程耕,20297520
蔡小将,20673166
张志明,20588649
叶志常,20428183
罗武良,20576292
郭赋斌,20320871
罗武威,20341000
李云,20520224
舒宜民,20432677
付柳军,20593554
杨义东,20673165
吕重家,20672966
唐胜杰,20697162
朱利民,20239706
贠庆怀,20292231
周林,20292232
吴淡珠,20071574
蔡廷祥,20071573
郑舜玲,20292233
王铁军,20071577
侯文全,20071578
陈素芳,20071582
李锐源,20071583
王心可,20702138
陶亮,20702883
邓鸿,20359019
顾云飞,20704478
蔡任武,20728398
陈晓,20314434
魏福生,20469763
石怀强,20314447
童文光,20518585
王理,20314514
张永水,20518583
伍绍明,20518589
扈春艺,20518587
张诗岚,20314529
王鹏程,20314451
杜慎华,20652873
陈云良,20314450
黄莉,20314534
赵敏,20314518
卢后盾,20314501
陈敏,20314508
郑路明,20069705
杨镜璞,20314429
刘国强,20518586
杜国平,20704061
贺永东,20704482
龚丽萍,20704481
周进,20689962
曹斌,20291901
赵庆,20188381
李宇航,20071229
赵景华,20007684
张培贤,20336110
沈启华,20015557
李晓晨,20015545
刘建钢,20015546
张震,20015547
金世和,20015550
雷海芝,20032093
郭杰,20015552
王刚,20039096
陈祺,20020061
全宝荣,20015554
徐成,20047978
刘静,20047976
张雁雯,20047977
陈义和,20145769
焦玉文,20039097
刘宏良,20145772
敬云川,20289581
高绍维,20441140
刘辉,20336109
张帆,20441139
冯敬人,20531249
李莹,20537363
王婧芳,20672927
王议农,20145771
安慧,20231710
耿新生,20231713
李成,20282245
朱成功,20066229
云海,20278552
苏鸿声,20278548
朱文亮,20036953
郭和生,20013887
李勤夫,20013834
姚利琴,20028955
蔡鸿贤,20028946
杨靖,20028948
米建国,20000108
吴永森,20028942
陈居德,20028943
刘立汎,20028945
关永进,20028944
徐承道,20028949
任文柱,20028196
刘宏民,20026249
邱云樵,20021217
苗明三,20034319
苏威骏,20066654
黄殿英,20726608
李彬彬,20584336
刘嗣宏,20362259
张剑,20362218
潘泉,20362188
潘振鹏,20362266
陈伟民,20049562
吴俊强,20069236
李正,20002657
张玉明,20049573
周国辉,20049561
张翔,20465724
黄伟群,20320253
张顺和,20351705
莫少霞,20002379
徐景安,20010611
吴暹进,20049572
戴熙原,20049565
阎焱,20028910
苏君祥,20049566
白钢,20049568
王耀球,20049570
沈士成,20049569
林善贤,20702030
毕晓婷,20702032
曹永德,20247507
张洪民,20247411
冯元发,20247396
唐武军,20247365
许军,20247341
马水荣,20247508
何静波,20247383
刘承锰,20247340
赵德军,20028300
曾德明,20014674
喻宇汉,20006222
唐红,20054258
扶建新,20704030
唐爱平,20704031
周柏龙,20277328
王先平,20718031
张焰,20009110
蒋丰青,20009111
黄健,20153045
燕飞,20020205
徐红,20028171
蔡惠丽,20009106
王剑聪,20009112
刘荣华,20383592
黄航,20560204
刘丽娜,20009087
丁澍,20009107
郑锦春,20009084
蒿慧敏,20009079
李琦,20009103
马玉冰,20009105
刘秀焰,20028170
李力,20053299
刘奕莹,20657054
王德波,20657053
莘雷,20071796
余威,20705519
苏永昌,20705520
尚思扬,20705521
余蕾,20308183
方宇,20308189
何杉,20308186
魏军锋,20153055
潘文,20308175
李建树,20308181
张宏久,20246824
邹志文,20187734
翟俊,20302887
王少艮,20308002
蔡明泼,20038012
缪冬塬,20308003
窦维东,20308207
刘胜军,20603164
沈薇薇,20602812
舒小斌,20602810
庄友松,20054310
蒋杰宏,20484844
葛勇,20260903
沈琳,20063651
黄其森,20063649
李卫东,20484836
林章龙,20063646
张白,20021746
刘枫,20540809
李朝阳,20484839
姚建敏,20012762
胡曙,20032597
李仁军,20032598
刘永和,20012764
刘一,20012771
陈剑,20012765
张效公,20012766
萧志东,20012768
骞国政,20012767
杨林苑,20025000
陈晓波,20025001
陈敏杰,20025002
丁艳,20033826
黄一武,20024996
肖宁,20063652
余敦成,20582145
何显峰,20190553
李文婷,20022815
刘芳,20022814
祝丹宁,20278705
梁会东,20513418
吕占生,20278703
崔国珍,20043621
任会云,20043622
张景杰,20022813
张大成,20022812
张砚超,20056258
马军,20573094
王博,20573093
莫丽,20001483
唐利成,20022829
张克秀,20022824
李成栋,20022819
韩金生,20022817
张崇,20022823
巴德年,20022818
冯新状,20022816
张学东,20055531
郑丽群,20598025
徐榕滨,20612744
郭君巍,20625019
王丽梅,20612738
王明秀,20612739
李踔,20574755
姚永达,20574753
冯华伟,20574741
匡澜,20574750
王牧笛,20574743
周静,20574757
蒋林,20574747
初立,20716934
范春强,20729986
李伟,20734391
张冬,20734390
孙垠,20734392
侯小平,20368089
马能财,20368086
张引华,20368093
张红卫,20368088
许建民,20368087
杜军泽,20368097
姚鹏辉,20615373
隋继广,20301889
何显峰,20435561
栾友,20163729
卢金勇,20475964
崔建霖,20475976
储雪俭,20475979
王经文,20475975
包季鸣,20014705
郭东泽,20475969
郭东圣,20475971
郭文圣,20571341
王宏伟,20003308
徐维欣,20036950
许文祥,20003299
张肃泉,20054380
朱勋绩,20003303
刘真俊,20036951
阎树忠,20003296
林建,20003305
张学发,20003301
岳守成,20163728
唐文革,20163731
赵娜,20163733
杨金英,20106166
郭春峰,20163732
郭朝阳,20713986
张志越,20011482
林国新,20713989
陈清泰,20029705
李春光,20003444
章建华,20003441
刘运,20051250
王志刚,20003439
焦方正,20031017
蒋小明,20720788
王玉普,20343181
阎焱,20267723
刘中云,20343182
李毅中,20003480
王益,20003486
刘克崮,20195680
高坚,20003453
苏文生,20003500
王显文,20003496
张重庆,20003494
崔建民,20003498
陈同海,20003481
王基铭,20003482
牟书令,20003483
曹湘洪,20003485
石万鹏,20208183
何柱国,20003489
张佑才,20177863
王作然,20003493
李永贵,20003499
刘根元,20003449
周原,20034080
蔡希有,20189696
谢钟毓,20051254
李德水,20034085
周世良,20051257
姚中民,20034081
李忠华,20034087
叶青,20051251
刘晓洪,20051256
马蔚华,20214160
常振勇,20189700
徐槟,20145995
李新建,20146698
康明德,20146700
樊纲,20075673
马永生,20411173
余夕志,20553796
张保龙,20576917
杨昌江,20576916
蔡洪滨,20070660
喻宝才,20087220
李勇,20537382
赵东,20393542
张玉卓,20169906
刘丽,20166035
徐朋业,20067347
李阔,20166038
李久旭,20042949
范存艳,20300081
侯秀红,20166040
李艳萍,20293928
李卓,20575537
孙杰,20001766
迟逵夫,20001768
杨兆生,20001767
左小明,20001771
李哲,20001772
张宝岭,20001773
李盛,20018050
孙建中,20001776
吕荣田,20001775
张智武,20032992
刘继伟,20051022
薛晓江,20053669
岳凤巢,20053634
王宏伟,20038172
姚家元,20056232
李岳军,20166034
周骊晓,20160787
王震,20060325
张杏娟,20061223
俞曙,20061234
丁海富,20061225
王文广,20061226
顾云昌,20147773
郭芹,20060327
任永平,20003825
王维安,20061228
董宜君,20061227
谭承平,20061224
唐世定,20022884
戴轶钧,20030888
张威,20417162
邵晓燕,20360872
祁宏伟,20074813
吕浬,20185989
刘卿琳,20689732
孙军,20689733
傅黎瑛,20303791
李钒,20739286
商照聪,20265508
解玉洪,20060468
张晓义,20060467
高义武,20060476
陈宏坤,20060470
王孝峰,20530925
杨艳,20060469
李新柱,20266603
祝祖强,20265506
杨一,20336432
陈华京,20060478
王仕青,20060473
李广涛,20061550
郝爱玲,20069804
秦涛,20601750
于长春,20678017
陈国福,20552922
